[{"model": "movies.movie", "pk": 1, "fields": {"movieName": "Avengers: Infinity War", "description": "When a purple man with a plan starts to collect infinity stones the Avengers find themselves in deep trouble. Oops.", "length": "02:30:00", "price": "3.99", "trailerLink": "https://www.youtube.com/watch?v=6ZfuNTqbHE8", "image": "img/infinity_war.jpg", "noRents": 0, "releaseDate": "2018-04-27", "addedDate": "2019-01-20T20:06:03.822Z", "overallRating": "4.67", "ageRating": "12", "actors": [1, 2, 3], "genres": [1, 2, 5], "directors": [], "writers": []}}, {"model": "movies.movie", "pk": 2, "fields": {"movieName": "Captain America: Civil War", "description": "Heroes vs heroes. Who hurt you 2016?", "length": "02:00:00", "price": "3.99", "trailerLink": "https://www.youtube.com/watch?v=dKrVegVI0Us", "image": "img/civil_war.jpg", "noRents": 0, "releaseDate": "2016-05-06", "addedDate": "2019-01-20T20:17:19.417Z", "overallRating": "4.00", "ageRating": "12", "actors": [1, 2, 3], "genres": [1, 2, 5], "directors": [], "writers": []}}, {"model": "movies.movie", "pk": 3, "fields": {"movieName": "Spider-Man: Into the Spider-Verse", "description": "This time there's 6 of them. Hell yeah.", "length": "02:00:00", "price": "5.99", "trailerLink": "https://www.youtube.com/watch?v=g4Hbz2jLxvQ", "image": "img/MilesPoster.jpg", "noRents": 0, "releaseDate": "2018-12-14", "addedDate": "2019-01-21T21:27:17.552Z", "overallRating": "5.00", "ageRating": "12", "actors": [], "genres": [1, 2, 4, 5], "directors": [], "writers": []}}, {"model": "movies.movie", "pk": 4, "fields": {"movieName": "Mamma Mia: Here We Go Again", "description": "If you consider yourself above singing along with this you suck.\r\nI don't make the rules.", "length": "01:45:00", "price": "3.99", "trailerLink": "https://www.youtube.com/watch?v=dQw4w9WgXcQ", "image": "img/mamma_mia.jpg", "noRents": 0, "releaseDate": "2018-07-20", "addedDate": "2019-01-21T21:30:01.273Z", "overallRating": "4.00", "ageRating": "12", "actors": [], "genres": [6, 7, 8], "directors": [], "writers": []}}, {"model": "movies.movie", "pk": 5, "fields": {"movieName": "Am\u00e9lie", "description": "I cook an egg with a spoon Am\u00e9lie?!", "length": "01:45:00", "price": "2.99", "trailerLink": "https://www.youtube.com/watch?v=HUECWi5pX7o", "image": "img/amelie.jpg", "noRents": 0, "releaseDate": "2001-10-05", "addedDate": "2019-01-21T21:32:12.265Z", "overallRating": "4.50", "ageRating": "18", "actors": [], "genres": [7, 8], "directors": [], "writers": []}}, {"model": "movies.movie", "pk": 6, "fields": {"movieName": "Black Panther", "description": "T'Challa, heir to the hidden but advanced kingdom of Wakanda, must step forward to\r\nlead his people into a new future and must confront a challenger from his country's\r\npast.", "length": null, "price": "1.00", "trailerLink": "https://www.youtube.com/watch?v=dxWvtMOGAhw", "image": "img/BlackPanther_vpF6x25.jpg", "noRents": null, "releaseDate": null, "addedDate": "2019-03-09T16:06:49.531Z", "overallRating": "5.00", "ageRating": null, "actors": [4, 5, 6], "genres": [1, 2, 5], "directors": [1], "writers": [1, 2]}}, {"model": "movies.movie", "pk": 7, "fields": {"movieName": "Mad Max: Fury Road", "description": "In a post-apocalyptic wasteland, a woman rebels against a tyrannical ruler in search\r\nfor her homeland with the aid of a group of female prisoners, a psychotic worshiper,\r\nand a drifter named Max.", "length": null, "price": "1.00", "trailerLink": "https://www.youtube.com/watch?v=hEJnMQG9ev8", "image": "img/MadMaxFuryRoad_pm10NYC.jpg", "noRents": null, "releaseDate": null, "addedDate": "2019-03-09T16:09:12.672Z", "overallRating": null, "ageRating": null, "actors": [7, 8, 9], "genres": [2], "directors": [2], "writers": [3, 4]}}, {"model": "movies.movie", "pk": 8, "fields": {"movieName": "Wonder Woman", "description": "When a pilot crashes and tells of conflict in the outside world, Diana, an Amazonian\r\nwarrior in training, leaves home to fight a war, discovering her full powers and true\r\ndestiny.", "length": null, "price": "1.00", "trailerLink": "https://www.youtube.com/watch?v=VSB4wGIdDwo", "image": "img/WonderWoman_KGpENRj.jpg", "noRents": null, "releaseDate": null, "addedDate": "2019-03-09T16:11:55.586Z", "overallRating": "5.00", "ageRating": null, "actors": [10, 11], "genres": [1, 2, 5, 8], "directors": [3], "writers": [6, 7]}}, {"model": "movies.movie", "pk": 9, "fields": {"movieName": "Metropolis", "description": "In a futuristic city sharply divided between the working class and the city planners, the\r\nson of the city's mastermind falls in love with a working class prophet who predicts thecoming of a savior to mediate their differences.", "length": null, "price": "0.50", "trailerLink": "https://www.youtube.com/watch?v=on2H8Qt5fgA", "image": "img/Metropolis_1gi3Gox.jpg", "noRents": null, "releaseDate": null, "addedDate": "2019-03-09T16:14:48.810Z", "overallRating": null, "ageRating": null, "actors": [12, 13, 14], "genres": [5], "directors": [4], "writers": [8]}}, {"model": "movies.movie", "pk": 10, "fields": {"movieName": "Star Wars: The Last Jedi", "description": "Rey develops her newly discovered abilities with the guidance of Luke Skywalker, who is\r\nunsettled by the strength of her powers. Meanwhile, the Resistance prepares for battle with\r\nthe First Order.", "length": null, "price": "2.00", "trailerLink": "https://www.youtube.com/watch?v=Q0CbN8sfihY", "image": "img/StarWarsLastJedi_itQTNqx.jpg", "noRents": null, "releaseDate": "2017-12-15", "addedDate": "2019-03-09T16:20:09.603Z", "overallRating": "4.00", "ageRating": null, "actors": [15, 16, 17, 18, 19, 20], "genres": [2, 5], "directors": [5], "writers": [9, 10]}}, {"model": "movies.movie", "pk": 11, "fields": {"movieName": "Logan", "description": "In a future where mutants are nearly extinct, an elderly and weary Logan leads a quiet life.\r\nBut when Laura, a mutant child pursued by scientists, comes to him for help, he must get her\r\nto safety.", "length": null, "price": "1.00", "trailerLink": "https://www.youtube.com/watch?v=Div0iP65aZo", "image": "img/Logan_xHWcCIG.jpg", "noRents": null, "releaseDate": null, "addedDate": "2019-03-09T16:22:53.071Z", "overallRating": "3.00", "ageRating": null, "actors": [21, 22, 23], "genres": [1, 2, 5], "directors": [6], "writers": [11, 12]}}, {"model": "movies.movie", "pk": 12, "fields": {"movieName": "Star Wars: The Force Awakens", "description": "Three decades after the Empire's defeat, a new threat arises in the militant First Order.\r\nStormtrooper defector Finn and the scavenger Rey are caught up in the Resistance's search\r\nfor the missing Luke Skywalker.", "length": null, "price": "1.00", "trailerLink": "https://www.youtube.com/watch?v=sGbxmsDFVnE", "image": "img/StarWarsTheForceAwakens_NixSLnN.jpg", "noRents": null, "releaseDate": null, "addedDate": "2019-03-09T16:25:36.375Z", "overallRating": "4.50", "ageRating": null, "actors": [15, 16, 17, 18, 19, 20], "genres": [2, 5], "directors": [7], "writers": [10, 13, 14]}}, {"model": "movies.movie", "pk": 13, "fields": {"movieName": "Up", "description": "Seventy-eight year old Carl Fredricksen travels to Paradise Falls in his home equipped with\r\nballoons, inadvertently taking a young stowaway.", "length": "00:00:01", "price": null, "trailerLink": "https://www.youtube.com/watch?v=pkqzFUhGPJg", "image": "img/Up_FdSsq84.jpg", "noRents": null, "releaseDate": null, "addedDate": "2019-03-09T16:29:45.765Z", "overallRating": "4.00", "ageRating": null, "actors": [24, 25], "genres": [4, 7], "directors": [8], "writers": [15]}}, {"model": "movies.movie", "pk": 14, "fields": {"movieName": "Aliens", "description": "Ellen Ripley is rescued by a deep salvage team after being in hypersleep for 57 years.\r\nThe moon that the Nostromo visited has been colonized, but contact is lost. This time,\r\ncolonial marines have impressive firepower, but will that be enough?", "length": null, "price": "1.00", "trailerLink": "https://www.youtube.com/watch?v=XKSQmYUaIyE", "image": "img/Aliens_3u9K8JH.jpg", "noRents": null, "releaseDate": null, "addedDate": "2019-03-09T16:31:51.241Z", "overallRating": "5.00", "ageRating": null, "actors": [26], "genres": [2, 5, 9], "directors": [9], "writers": [16]}}, {"model": "movies.movie", "pk": 15, "fields": {"movieName": "Incredibles 2", "description": "The Incredibles hero family takes on a new mission, which involves a change in family roles:\r\nBob Parr (Mr Incredible) must manage the house while his wife Helen (Elastigirl) goes out to\r\nsave the world.", "length": null, "price": null, "trailerLink": "https://www.youtube.com/watch?v=i5qOzqD9Rms", "image": "img/Incredibles2_XzMEuZO.jpg", "noRents": null, "releaseDate": null, "addedDate": "2019-03-09T16:34:32.395Z", "overallRating": null, "ageRating": null, "actors": [27, 28, 29, 30], "genres": [1, 2, 4, 5], "directors": [10], "writers": [17]}}, {"model": "movies.movie", "pk": 16, "fields": {"movieName": "The Lego Movie", "description": "Everything is awesome.", "length": null, "price": "2.00", "trailerLink": "https://www.youtube.com/watch?v=fZ_JOBCLF-I", "image": "img/LegoMovie_5zdTiUv.jpg", "noRents": null, "releaseDate": null, "addedDate": "2019-03-09T16:37:52.031Z", "overallRating": "4.00", "ageRating": null, "actors": [31, 32, 33], "genres": [2, 4, 7, 8], "directors": [11, 12], "writers": [18, 19]}}, {"model": "movies.movie", "pk": 17, "fields": {"movieName": "La La Land", "description": "While navigating their careers in Los Angeles, a pianist and an actress fall in love while\r\nattempting to reconcile their aspirations for the future.", "length": null, "price": "0.50", "trailerLink": "https://www.youtube.com/watch?v=0pdqf4P9MB8", "image": "img/LaLaLand_MNEWsom.jpg", "noRents": null, "releaseDate": null, "addedDate": "2019-03-09T16:41:21.390Z", "overallRating": null, "ageRating": null, "actors": [34, 35], "genres": [6, 7, 8], "directors": [13], "writers": [20]}}, {"model": "movies.movie", "pk": 18, "fields": {"movieName": "Toy Story", "description": "A cowboy doll is profoundly threatened and jealous when a new spaceman figure supplants\r\nhim as top toy in a boy's room.", "length": null, "price": "2.00", "trailerLink": "https://www.youtube.com/watch?v=KYz2wyBy3kc", "image": "img/ToyStory_uJPxRK4.jpg", "noRents": null, "releaseDate": null, "addedDate": "2019-03-09T16:43:56.308Z", "overallRating": null, "ageRating": null, "actors": [36, 37], "genres": [4, 7], "directors": [14], "writers": [15, 21]}}, {"model": "movies.movie", "pk": 19, "fields": {"movieName": "A Quiet Place", "description": "In a post-apocalyptic world, a family is forced to live in silence while hiding from monsters\r\nwith ultra-sensitive hearing.", "length": null, "price": "1.00", "trailerLink": "https://www.youtube.com/watch?v=p9wE8dyzEJE", "image": "img/QuietPlace_ZqRk2zJ.jpg", "noRents": null, "releaseDate": null, "addedDate": "2019-03-09T16:47:58.703Z", "overallRating": null, "ageRating": null, "actors": [38, 39], "genres": [2, 9], "directors": [15], "writers": [22]}}, {"model": "movies.movie", "pk": 20, "fields": {"movieName": "Arrival", "description": "A linguist is recruited by the military to communicate with alien lifeforms after twelve\r\nmysterious spacecrafts land around the world.", "length": null, "price": "1.00", "trailerLink": "https://www.youtube.com/watch?v=tFMo3UJ4B4g", "image": "img/Arrival_hFZ7aji.jpg", "noRents": null, "releaseDate": null, "addedDate": "2019-03-09T16:51:19.930Z", "overallRating": "5.00", "ageRating": null, "actors": [40, 41], "genres": [5, 8, 10], "directors": [16], "writers": [23, 24]}}, {"model": "movies.movie", "pk": 21, "fields": {"movieName": "Dunkirk", "description": "Allied soldiers from Belgium, the British Empire, and France are surrounded by the\r\nGerman Army, and evacuated during a fierce battle in World War II.", "length": null, "price": null, "trailerLink": "https://www.youtube.com/watch?v=VQ01tJ4EWeg", "image": "img/5-Dunkirk2017.jpg", "noRents": null, "releaseDate": "2019-04-04", "addedDate": "2019-04-04T09:56:12.695Z", "overallRating": null, "ageRating": null, "actors": [42, 43, 44], "genres": [2], "directors": [17], "writers": [25]}}, {"model": "movies.movie", "pk": 22, "fields": {"movieName": "Coco", "description": "Aspiring musician Miguel, confronted with his family's ancestral ban on music, enters the\r\nLand of the Dead to find his great-great-grandfather, a legendary singer.", "length": null, "price": null, "trailerLink": "https://www.youtube.com/watch?v=5sSMRg1X1vg", "image": "img/6-Coco2017.jpg", "noRents": null, "releaseDate": "2019-04-04", "addedDate": "2019-04-04T09:58:39.419Z", "overallRating": null, "ageRating": null, "actors": [45, 46, 47], "genres": [4, 7], "directors": [18, 19], "writers": [26, 27]}}, {"model": "movies.movie", "pk": 23, "fields": {"movieName": "King Kong", "description": "In 1933 New York, an overly ambitious movie producer coerces his cast and hired ship\r\ncrew to travel to the mysterious Skull Island, where they encounter Kong, a giant ape\r\nwho is immediately smitten with leading lady Ann Darrow.", "length": null, "price": null, "trailerLink": "https://www.youtube.com/watch?v=H0WpKl2A_2k", "image": "img/11._King_Kong_1933.jpg", "noRents": null, "releaseDate": null, "addedDate": "2019-04-04T10:02:16.201Z", "overallRating": null, "ageRating": null, "actors": [48, 49, 50], "genres": [2, 9], "directors": [20, 21], "writers": [28, 29]}}, {"model": "movies.movie", "pk": 24, "fields": {"movieName": "Thor Ragnarok", "description": "Thor is imprisoned on the planet Sakaar, and must race against time to return to\r\nAsgard and stop Ragnar\u00f6k, the destruction of his world, at the hands of the powerful and ruthless villain Hela.", "length": null, "price": null, "trailerLink": "https://www.youtube.com/watch?v=ue80QwXMRHg", "image": "img/12._Thor-_Ragnarok_2017.jpg", "noRents": null, "releaseDate": null, "addedDate": "2019-04-04T10:06:36.759Z", "overallRating": null, "ageRating": null, "actors": [51], "genres": [1, 2, 5, 7], "directors": [22], "writers": [30, 31]}}, {"model": "movies.movie", "pk": 25, "fields": {"movieName": "The Adventures of Robin Hood", "description": "When Prince John and the Norman Lords begin oppressing the Saxon masses in King\r\nRichard's absence, a Saxon lord fights back as the outlaw leader of a rebel guerrilla\r\narmy.", "length": null, "price": null, "trailerLink": "https://www.youtube.com/watch?v=BpqR6Ca-LL8", "image": "img/13._The_Adventures_of_Robin_Hood_1938.jpg", "noRents": null, "releaseDate": null, "addedDate": "2019-04-04T10:10:35.154Z", "overallRating": null, "ageRating": null, "actors": [52, 53, 54], "genres": [2, 8], "directors": [23], "writers": [32, 33]}}, {"model": "movies.movie", "pk": 26, "fields": {"movieName": "Baby Driver", "description": "After being coerced into working for a crime boss, a young getaway driver finds\r\nhimself taking part in a heist doomed to fail.", "length": null, "price": null, "trailerLink": "https://www.youtube.com/watch?v=D9YZw_X5UzQ", "image": "img/14._Baby_Driver_2017.jpg", "noRents": null, "releaseDate": null, "addedDate": "2019-04-04T10:11:28.554Z", "overallRating": null, "ageRating": null, "actors": [], "genres": [2, 11], "directors": [24], "writers": [34]}}, {"model": "movies.movie", "pk": 27, "fields": {"movieName": "Zootopia", "description": "In a city of anthropomorphic animals, a rookie bunny cop and a cynical con artist fox\r\nmust work together to uncover a conspiracy.", "length": null, "price": null, "trailerLink": "https://www.youtube.com/watch?v=yCOPJi0Urq4", "image": "img/15._Zootopia_2016.jpg", "noRents": null, "releaseDate": null, "addedDate": "2019-04-04T10:13:08.831Z", "overallRating": null, "ageRating": null, "actors": [55, 56, 57], "genres": [4, 7], "directors": [25, 26], "writers": [35, 36]}}, {"model": "movies.movie", "pk": 28, "fields": {"movieName": "Spider-Man: Homecoming", "description": "Peter Parker balances his life as an ordinary high school student in Queens with his\r\nsuperhero alter-ego Spider-Man, and finds himself on the trail of a new menace\r\nprowling the skies of New York City.", "length": null, "price": null, "trailerLink": "https://www.youtube.com/watch?v=n9DwoQ7HWvI", "image": "img/16._Spider-Man-_Homecoming_2017.jpg", "noRents": null, "releaseDate": null, "addedDate": "2019-04-04T10:14:56.435Z", "overallRating": null, "ageRating": null, "actors": [1, 58, 59], "genres": [1, 2, 5], "directors": [27], "writers": [37, 38]}}, {"model": "movies.movie", "pk": 29, "fields": {"movieName": "Seven Samurai (Shichinin no Samurai)", "description": "A poor village under attack by bandits recruits seven unemployed samurai to help them\r\ndefend themselves.", "length": null, "price": null, "trailerLink": "https://www.youtube.com/watch?v=7mw6LyyoeGE", "image": "img/17._Seven_Samurai_Shichinin_no_Samurai_1956_.jpg", "noRents": null, "releaseDate": null, "addedDate": "2019-04-04T10:17:09.161Z", "overallRating": null, "ageRating": null, "actors": [60, 61, 62], "genres": [2], "directors": [28], "writers": [39, 40]}}, {"model": "movies.movie", "pk": 30, "fields": {"movieName": "The Jungle Book", "description": "After a threat from the tiger Shere Khan forces him to flee the jungle, a man-cub\r\nnamed Mowgli embarks on a journey of self discovery with the help of panther\r\nBagheera and free-spirited bear Baloo.", "length": null, "price": null, "trailerLink": "https://www.youtube.com/watch?v=5mkm22yO-bs", "image": "img/18._The_Jungle_Book_2016.jpg", "noRents": null, "releaseDate": null, "addedDate": "2019-04-04T10:18:51.269Z", "overallRating": null, "ageRating": null, "actors": [63, 64, 65], "genres": [12], "directors": [29], "writers": [41]}}, {"model": "movies.movie", "pk": 31, "fields": {"movieName": "War for the Planet of the Apes", "description": "After the apes suffer unimaginable losses, Caesar wrestles with his darker instincts\r\nand begins his own mythic quest to avenge his kind.", "length": null, "price": null, "trailerLink": "https://www.youtube.com/watch?v=0krawO0kMwQ", "image": "img/19._War_for_the_Planet_of_the_Apes_2017.jpg", "noRents": null, "releaseDate": null, "addedDate": "2019-04-04T10:20:34.228Z", "overallRating": null, "ageRating": null, "actors": [66, 67, 68], "genres": [2], "directors": [30], "writers": [42, 43]}}, {"model": "movies.movie", "pk": 32, "fields": {"movieName": "Inside Out", "description": "After young Riley is uprooted from her Midwest life and moved to San Francisco, her\r\nemotions - Joy, Fear, Anger, Disgust and Sadness - conflict on how best to navigate a new\r\ncity, house, and school.", "length": null, "price": null, "trailerLink": "https://www.youtube.com/watch?v=seMwpP0yeu4", "image": "img/1._Inside_Out_2015.jpg", "noRents": null, "releaseDate": null, "addedDate": "2019-04-04T10:25:09.274Z", "overallRating": null, "ageRating": null, "actors": [69, 70], "genres": [4, 7, 12], "directors": [8], "writers": [15]}}, {"model": "movies.movie", "pk": 33, "fields": {"movieName": "Paddington 2", "description": "Paddington, now happily settled with the Brown family and a popular member of the local\r\ncommunity, picks up a series of odd jobs to buy the perfect present for his Aunt Lucy's 100th\r\nbirthday, only for the gift to be stolen.", "length": null, "price": null, "trailerLink": "https://www.youtube.com/watch?v=52x5HJ9H8DM", "image": "img/3._Paddington_2_2018.jpg", "noRents": null, "releaseDate": null, "addedDate": "2019-04-04T10:27:17.956Z", "overallRating": null, "ageRating": null, "actors": [71, 72], "genres": [7, 12], "directors": [31], "writers": [44, 45]}}, {"model": "movies.movie", "pk": 34, "fields": {"movieName": "Snow White and the Seven Dwarves", "description": "Exiled into the dangerous forest by her wicked stepmother, a princess is rescued by seven\r\ndwarf miners who make her part of their household.", "length": null, "price": null, "trailerLink": "https://www.youtube.com/watch?v=L16P0rip9E4", "image": "img/5._Snow_White_and_the_Seven_Dwarfs_1937.jpg", "noRents": null, "releaseDate": null, "addedDate": "2019-04-04T10:29:30.625Z", "overallRating": null, "ageRating": null, "actors": [73, 74, 75], "genres": [4, 8, 12, 13], "directors": [32, 33], "writers": [46]}}, {"model": "movies.actor", "pk": 1, "fields": {"actorFirstName": "Robert", "actorLastName": "Downey Jr."}}, {"model": "movies.actor", "pk": 2, "fields": {"actorFirstName": "Chris", "actorLastName": "Evans"}}, {"model": "movies.actor", "pk": 3, "fields": {"actorFirstName": "Elizabeth", "actorLastName": "Olsen"}}, {"model": "movies.actor", "pk": 4, "fields": {"actorFirstName": "Chadwick", "actorLastName": "Boseman"}}, {"model": "movies.actor", "pk": 5, "fields": {"actorFirstName": "Michael B.", "actorLastName": "Jordan"}}, {"model": "movies.actor", "pk": 6, "fields": {"actorFirstName": "Lupita", "actorLastName": "Nyong'o"}}, {"model": "movies.actor", "pk": 7, "fields": {"actorFirstName": "Tom", "actorLastName": "Hardy"}}, {"model": "movies.actor", "pk": 8, "fields": {"actorFirstName": "Charlize", "actorLastName": "Theron"}}, {"model": "movies.actor", "pk": 9, "fields": {"actorFirstName": "Nicholas", "actorLastName": "Hoult"}}, {"model": "movies.actor", "pk": 10, "fields": {"actorFirstName": "Gal", "actorLastName": "Gadot"}}, {"model": "movies.actor", "pk": 11, "fields": {"actorFirstName": "Chris", "actorLastName": "Pine"}}, {"model": "movies.actor", "pk": 12, "fields": {"actorFirstName": "Brigitte", "actorLastName": "Helm"}}, {"model": "movies.actor", "pk": 13, "fields": {"actorFirstName": "Alfred", "actorLastName": "Abel"}}, {"model": "movies.actor", "pk": 14, "fields": {"actorFirstName": "Gustav", "actorLastName": "Fr\u00f6hlich"}}, {"model": "movies.actor", "pk": 15, "fields": {"actorFirstName": "Daisy", "actorLastName": "Ridley"}}, {"model": "movies.actor", "pk": 16, "fields": {"actorFirstName": "Mark", "actorLastName": "Hamill"}}, {"model": "movies.actor", "pk": 17, "fields": {"actorFirstName": "Carrie", "actorLastName": "Fisher"}}, {"model": "movies.actor", "pk": 18, "fields": {"actorFirstName": "Adam", "actorLastName": "Driver"}}, {"model": "movies.actor", "pk": 19, "fields": {"actorFirstName": "Oscar", "actorLastName": "Isaac"}}, {"model": "movies.actor", "pk": 20, "fields": {"actorFirstName": "John", "actorLastName": "Boyega"}}, {"model": "movies.actor", "pk": 21, "fields": {"actorFirstName": "Hugh", "actorLastName": "Jackman"}}, {"model": "movies.actor", "pk": 22, "fields": {"actorFirstName": "Patrick", "actorLastName": "Stewart"}}, {"model": "movies.actor", "pk": 23, "fields": {"actorFirstName": "Dafne", "actorLastName": "Keen"}}, {"model": "movies.actor", "pk": 24, "fields": {"actorFirstName": "Edward", "actorLastName": "Asner"}}, {"model": "movies.actor", "pk": 25, "fields": {"actorFirstName": "Jordan", "actorLastName": "Nagai"}}, {"model": "movies.actor", "pk": 26, "fields": {"actorFirstName": "Sigourney", "actorLastName": "Weaver"}}, {"model": "movies.actor", "pk": 27, "fields": {"actorFirstName": "Craig T.", "actorLastName": "Nelson"}}, {"model": "movies.actor", "pk": 28, "fields": {"actorFirstName": "Holly", "actorLastName": "Hunter"}}, {"model": "movies.actor", "pk": 29, "fields": {"actorFirstName": "Sarah", "actorLastName": "Vowell"}}, {"model": "movies.actor", "pk": 30, "fields": {"actorFirstName": "Huck", "actorLastName": "Milner"}}, {"model": "movies.actor", "pk": 31, "fields": {"actorFirstName": "Chris", "actorLastName": "Pratt"}}, {"model": "movies.actor", "pk": 32, "fields": {"actorFirstName": "Will", "actorLastName": "Ferrell"}}, {"model": "movies.actor", "pk": 33, "fields": {"actorFirstName": "Elizabeth", "actorLastName": "Banks"}}, {"model": "movies.actor", "pk": 34, "fields": {"actorFirstName": "Ryan", "actorLastName": "Gosling"}}, {"model": "movies.actor", "pk": 35, "fields": {"actorFirstName": "Emma", "actorLastName": "Stone"}}, {"model": "movies.actor", "pk": 36, "fields": {"actorFirstName": "Tom", "actorLastName": "Hanks"}}, {"model": "movies.actor", "pk": 37, "fields": {"actorFirstName": "Tim", "actorLastName": "Allen"}}, {"model": "movies.actor", "pk": 38, "fields": {"actorFirstName": "Emily", "actorLastName": "Blunt"}}, {"model": "movies.actor", "pk": 39, "fields": {"actorFirstName": "John", "actorLastName": "Krasinski"}}, {"model": "movies.actor", "pk": 40, "fields": {"actorFirstName": "Amy", "actorLastName": "Adams"}}, {"model": "movies.actor", "pk": 41, "fields": {"actorFirstName": "Jeremy", "actorLastName": "Renner"}}, {"model": "movies.actor", "pk": 42, "fields": {"actorFirstName": "Fionn", "actorLastName": "Whitehead"}}, {"model": "movies.actor", "pk": 43, "fields": {"actorFirstName": "Barry", "actorLastName": "Keoghan"}}, {"model": "movies.actor", "pk": 44, "fields": {"actorFirstName": "Mark", "actorLastName": "Rylance"}}, {"model": "movies.actor", "pk": 45, "fields": {"actorFirstName": "Anthony", "actorLastName": "Gonzalez"}}, {"model": "movies.actor", "pk": 46, "fields": {"actorFirstName": "Gael", "actorLastName": "Garc\u00eda Bernal"}}, {"model": "movies.actor", "pk": 47, "fields": {"actorFirstName": "Benjamin", "actorLastName": "Bratt"}}, {"model": "movies.actor", "pk": 48, "fields": {"actorFirstName": "Fay", "actorLastName": "Wray"}}, {"model": "movies.actor", "pk": 49, "fields": {"actorFirstName": "Robert", "actorLastName": "Armstrong"}}, {"model": "movies.actor", "pk": 50, "fields": {"actorFirstName": "John", "actorLastName": "Driscoli"}}, {"model": "movies.actor", "pk": 51, "fields": {"actorFirstName": "Chris", "actorLastName": "Hemsworth"}}, {"model": "movies.actor", "pk": 52, "fields": {"actorFirstName": "Errol", "actorLastName": "Flynn"}}, {"model": "movies.actor", "pk": 53, "fields": {"actorFirstName": "Olivia", "actorLastName": "de Havilland"}}, {"model": "movies.actor", "pk": 54, "fields": {"actorFirstName": "Basil", "actorLastName": "Rathbone"}}, {"model": "movies.actor", "pk": 55, "fields": {"actorFirstName": "Ginnifer", "actorLastName": "Goodwin"}}, {"model": "movies.actor", "pk": 56, "fields": {"actorFirstName": "Jason", "actorLastName": "Bateman"}}, {"model": "movies.actor", "pk": 57, "fields": {"actorFirstName": "Idris", "actorLastName": "Elba"}}, {"model": "movies.actor", "pk": 58, "fields": {"actorFirstName": "Tom", "actorLastName": "Holland"}}, {"model": "movies.actor", "pk": 59, "fields": {"actorFirstName": "Michael", "actorLastName": "Keaton"}}, {"model": "movies.actor", "pk": 60, "fields": {"actorFirstName": "Toshir\u00f4", "actorLastName": "Mifune"}}, {"model": "movies.actor", "pk": 61, "fields": {"actorFirstName": "Takashi", "actorLastName": "Shimura"}}, {"model": "movies.actor", "pk": 62, "fields": {"actorFirstName": "Keiko", "actorLastName": "Tsushima"}}, {"model": "movies.actor", "pk": 63, "fields": {"actorFirstName": "Neel", "actorLastName": "Sethi"}}, {"model": "movies.actor", "pk": 64, "fields": {"actorFirstName": "Bill", "actorLastName": "Murray"}}, {"model": "movies.actor", "pk": 65, "fields": {"actorFirstName": "Ben", "actorLastName": "Kingsley"}}, {"model": "movies.actor", "pk": 66, "fields": {"actorFirstName": "Andy", "actorLastName": "Serkis"}}, {"model": "movies.actor", "pk": 67, "fields": {"actorFirstName": "Woody", "actorLastName": "Harrelson"}}, {"model": "movies.actor", "pk": 68, "fields": {"actorFirstName": "Steve", "actorLastName": "Zahn"}}, {"model": "movies.actor", "pk": 69, "fields": {"actorFirstName": "Amy", "actorLastName": "Poehler"}}, {"model": "movies.actor", "pk": 70, "fields": {"actorFirstName": "Bill", "actorLastName": "Hader"}}, {"model": "movies.actor", "pk": 71, "fields": {"actorFirstName": "Ben", "actorLastName": "Whishaw"}}, {"model": "movies.actor", "pk": 72, "fields": {"actorFirstName": "Hugh", "actorLastName": "Grant"}}, {"model": "movies.actor", "pk": 73, "fields": {"actorFirstName": "Adrianna", "actorLastName": "Caselotti"}}, {"model": "movies.actor", "pk": 74, "fields": {"actorFirstName": "Harry", "actorLastName": "Stockwell"}}, {"model": "movies.actor", "pk": 75, "fields": {"actorFirstName": "Lucille", "actorLastName": "La Verne"}}, {"model": "movies.genre", "pk": 1, "fields": {"genreName": "Superhero"}}, {"model": "movies.genre", "pk": 2, "fields": {"genreName": "Action"}}, {"model": "movies.genre", "pk": 3, "fields": {"genreName": "Spy Thriller"}}, {"model": "movies.genre", "pk": 4, "fields": {"genreName": "Animated"}}, {"model": "movies.genre", "pk": 5, "fields": {"genreName": "Science-Fiction"}}, {"model": "movies.genre", "pk": 6, "fields": {"genreName": "Musical"}}, {"model": "movies.genre", "pk": 7, "fields": {"genreName": "Comedy"}}, {"model": "movies.genre", "pk": 8, "fields": {"genreName": "Romance"}}, {"model": "movies.genre", "pk": 9, "fields": {"genreName": "Horror"}}, {"model": "movies.genre", "pk": 10, "fields": {"genreName": "Mystery"}}, {"model": "movies.genre", "pk": 11, "fields": {"genreName": "Crime"}}, {"model": "movies.genre", "pk": 12, "fields": {"genreName": "Family"}}, {"model": "movies.genre", "pk": 13, "fields": {"genreName": "Fairytale"}}, {"model": "movies.director", "pk": 1, "fields": {"directorFirstName": "Ryan", "directorLastName": "Coogler"}}, {"model": "movies.director", "pk": 2, "fields": {"directorFirstName": "George", "directorLastName": "Miller"}}, {"model": "movies.director", "pk": 3, "fields": {"directorFirstName": "Patty", "directorLastName": "Jenkins"}}, {"model": "movies.director", "pk": 4, "fields": {"directorFirstName": "Fritz", "directorLastName": "Lang"}}, {"model": "movies.director", "pk": 5, "fields": {"directorFirstName": "Rian", "directorLastName": "Johnson"}}, {"model": "movies.director", "pk": 6, "fields": {"directorFirstName": "James", "directorLastName": "Mangold"}}, {"model": "movies.director", "pk": 7, "fields": {"directorFirstName": "J. J.", "directorLastName": "Abrams"}}, {"model": "movies.director", "pk": 8, "fields": {"directorFirstName": "Pete", "directorLastName": "Docter"}}, {"model": "movies.director", "pk": 9, "fields": {"directorFirstName": "James", "directorLastName": "Cameron"}}, {"model": "movies.director", "pk": 10, "fields": {"directorFirstName": "Brad", "directorLastName": "Bird"}}, {"model": "movies.director", "pk": 11, "fields": {"directorFirstName": "Phil", "directorLastName": "Lord"}}, {"model": "movies.director", "pk": 12, "fields": {"directorFirstName": "Christopher", "directorLastName": "Miller"}}, {"model": "movies.director", "pk": 13, "fields": {"directorFirstName": "Damien", "directorLastName": "Chazelle"}}, {"model": "movies.director", "pk": 14, "fields": {"directorFirstName": "John", "directorLastName": "Lasseter"}}, {"model": "movies.director", "pk": 15, "fields": {"directorFirstName": "John", "directorLastName": "Krasinski"}}, {"model": "movies.director", "pk": 16, "fields": {"directorFirstName": "Denis", "directorLastName": "Villeneuve"}}, {"model": "movies.director", "pk": 17, "fields": {"directorFirstName": "Christopher", "directorLastName": "Nolan"}}, {"model": "movies.director", "pk": 18, "fields": {"directorFirstName": "Lee", "directorLastName": "Unkirch"}}, {"model": "movies.director", "pk": 19, "fields": {"directorFirstName": "Adrian", "directorLastName": "Molina"}}, {"model": "movies.director", "pk": 20, "fields": {"directorFirstName": "Merian C.", "directorLastName": "Cooper"}}, {"model": "movies.director", "pk": 21, "fields": {"directorFirstName": "Ernest B.", "directorLastName": "Schoedsack"}}, {"model": "movies.director", "pk": 22, "fields": {"directorFirstName": "Taika", "directorLastName": "Waititi"}}, {"model": "movies.director", "pk": 23, "fields": {"directorFirstName": "Michael", "directorLastName": "Curtiz"}}, {"model": "movies.director", "pk": 24, "fields": {"directorFirstName": "Edgar", "directorLastName": "Wright"}}, {"model": "movies.director", "pk": 25, "fields": {"directorFirstName": "Byron", "directorLastName": "Howard"}}, {"model": "movies.director", "pk": 26, "fields": {"directorFirstName": "Rich", "directorLastName": "Moore"}}, {"model": "movies.director", "pk": 27, "fields": {"directorFirstName": "Jon", "directorLastName": "Watts"}}, {"model": "movies.director", "pk": 28, "fields": {"directorFirstName": "Akira", "directorLastName": "Kurosawa"}}, {"model": "movies.director", "pk": 29, "fields": {"directorFirstName": "Jon", "directorLastName": "Favreau"}}, {"model": "movies.director", "pk": 30, "fields": {"directorFirstName": "Matt", "directorLastName": "Reeves"}}, {"model": "movies.director", "pk": 31, "fields": {"directorFirstName": "Paul", "directorLastName": "King"}}, {"model": "movies.director", "pk": 32, "fields": {"directorFirstName": "William", "directorLastName": "Cottrell"}}, {"model": "movies.director", "pk": 33, "fields": {"directorFirstName": "David", "directorLastName": "Hand"}}, {"model": "movies.writer", "pk": 1, "fields": {"writerFirstName": "Ryan", "writerLastName": "Coogler"}}, {"model": "movies.writer", "pk": 2, "fields": {"writerFirstName": "Joe Robert", "writerLastName": "Cole"}}, {"model": "movies.writer", "pk": 3, "fields": {"writerFirstName": "George", "writerLastName": "Miller"}}, {"model": "movies.writer", "pk": 4, "fields": {"writerFirstName": "Brendan", "writerLastName": "McCarthy"}}, {"model": "movies.writer", "pk": 5, "fields": {"writerFirstName": "Patty", "writerLastName": "Jenkins"}}, {"model": "movies.writer", "pk": 6, "fields": {"writerFirstName": "Zack", "writerLastName": "Snyder"}}, {"model": "movies.writer", "pk": 7, "fields": {"writerFirstName": "Allan", "writerLastName": "Heinberg"}}, {"model": "movies.writer", "pk": 8, "fields": {"writerFirstName": "Thea", "writerLastName": "Von Harbou"}}, {"model": "movies.writer", "pk": 9, "fields": {"writerFirstName": "Rian", "writerLastName": "Johnson"}}, {"model": "movies.writer", "pk": 10, "fields": {"writerFirstName": "George", "writerLastName": "Lucas"}}, {"model": "movies.writer", "pk": 11, "fields": {"writerFirstName": "James", "writerLastName": "Mangold"}}, {"model": "movies.writer", "pk": 12, "fields": {"writerFirstName": "Scott", "writerLastName": "Frank"}}, {"model": "movies.writer", "pk": 13, "fields": {"writerFirstName": "J. J.", "writerLastName": "Abrams"}}, {"model": "movies.writer", "pk": 14, "fields": {"writerFirstName": "Lawrence", "writerLastName": "Kasdan"}}, {"model": "movies.writer", "pk": 15, "fields": {"writerFirstName": "Pete", "writerLastName": "Docter"}}, {"model": "movies.writer", "pk": 16, "fields": {"writerFirstName": "James", "writerLastName": "Cameron"}}, {"model": "movies.writer", "pk": 17, "fields": {"writerFirstName": "Brad", "writerLastName": "Bird"}}, {"model": "movies.writer", "pk": 18, "fields": {"writerFirstName": "Phil", "writerLastName": "Lord"}}, {"model": "movies.writer", "pk": 19, "fields": {"writerFirstName": "Christopher", "writerLastName": "Miller"}}, {"model": "movies.writer", "pk": 20, "fields": {"writerFirstName": "Damien", "writerLastName": "Chazelle"}}, {"model": "movies.writer", "pk": 21, "fields": {"writerFirstName": "John", "writerLastName": "Lasseter"}}, {"model": "movies.writer", "pk": 22, "fields": {"writerFirstName": "Bryan", "writerLastName": "Woods"}}, {"model": "movies.writer", "pk": 23, "fields": {"writerFirstName": "Eric", "writerLastName": "Heisserer"}}, {"model": "movies.writer", "pk": 24, "fields": {"writerFirstName": "Ted", "writerLastName": "Chiang"}}, {"model": "movies.writer", "pk": 25, "fields": {"writerFirstName": "Christopher", "writerLastName": "Nolan"}}, {"model": "movies.writer", "pk": 26, "fields": {"writerFirstName": "Lee", "writerLastName": "Unkrich"}}, {"model": "movies.writer", "pk": 27, "fields": {"writerFirstName": "Jason", "writerLastName": "Katz"}}, {"model": "movies.writer", "pk": 28, "fields": {"writerFirstName": "James", "writerLastName": "Creelman"}}, {"model": "movies.writer", "pk": 29, "fields": {"writerFirstName": "Ruth", "writerLastName": "Rose"}}, {"model": "movies.writer", "pk": 30, "fields": {"writerFirstName": "Eric", "writerLastName": "Pearson"}}, {"model": "movies.writer", "pk": 31, "fields": {"writerFirstName": "Taika", "writerLastName": "Waititi"}}, {"model": "movies.writer", "pk": 32, "fields": {"writerFirstName": "Norman Reilly", "writerLastName": "Raine"}}, {"model": "movies.writer", "pk": 33, "fields": {"writerFirstName": "Seton I.", "writerLastName": "Miller"}}, {"model": "movies.writer", "pk": 34, "fields": {"writerFirstName": "Edgar", "writerLastName": "Wright"}}, {"model": "movies.writer", "pk": 35, "fields": {"writerFirstName": "Byron", "writerLastName": "Howard"}}, {"model": "movies.writer", "pk": 36, "fields": {"writerFirstName": "Rich", "writerLastName": "Moore"}}, {"model": "movies.writer", "pk": 37, "fields": {"writerFirstName": "Jonathan", "writerLastName": "Goldstein"}}, {"model": "movies.writer", "pk": 38, "fields": {"writerFirstName": "John Francis", "writerLastName": "Daley"}}, {"model": "movies.writer", "pk": 39, "fields": {"writerFirstName": "Akiro", "writerLastName": "Kurosawa"}}, {"model": "movies.writer", "pk": 40, "fields": {"writerFirstName": "Shinobu", "writerLastName": "Hashimoto"}}, {"model": "movies.writer", "pk": 41, "fields": {"writerFirstName": "Justin", "writerLastName": "Marks"}}, {"model": "movies.writer", "pk": 42, "fields": {"writerFirstName": "Mark", "writerLastName": "Bomback"}}, {"model": "movies.writer", "pk": 43, "fields": {"writerFirstName": "Matt", "writerLastName": "Reeves"}}, {"model": "movies.writer", "pk": 44, "fields": {"writerFirstName": "Paul", "writerLastName": "King"}}, {"model": "movies.writer", "pk": 45, "fields": {"writerFirstName": "Simon", "writerLastName": "Farnaby"}}, {"model": "movies.writer", "pk": 46, "fields": {"writerFirstName": "Ted", "writerLastName": "Sears"}}]