[{"model": "movies.movie", "pk": 1, "fields": {"movieName": "Avengers: Infinity War", "description": "When a purple man with a plan starts to collect infinity stones the Avengers find themselves in deep trouble. Oops.", "length": "02:30:00", "price": "3.99", "trailerLink": "https://www.youtube.com/watch?v=6ZfuNTqbHE8", "image": "img/infinity_war.jpg", "noRents": 0, "releaseDate": "2018-04-27", "addedDate": "2019-01-20T20:06:03.822Z", "overallRating": "5.00", "ageRating": "12", "actors": [1, 2, 3], "genres": [1, 2, 5], "directors": [], "writers": []}}, {"model": "movies.movie", "pk": 2, "fields": {"movieName": "Captain America: Civil War", "description": "Heroes vs heroes. Who hurt you 2016?", "length": "02:00:00", "price": "3.99", "trailerLink": "https://www.youtube.com/watch?v=dKrVegVI0Us", "image": "img/civil_war.jpg", "noRents": 0, "releaseDate": "2016-05-06", "addedDate": "2019-01-20T20:17:19.417Z", "overallRating": "0.00", "ageRating": "12", "actors": [1, 2, 3], "genres": [1, 2, 5], "directors": [], "writers": []}}, {"model": "movies.movie", "pk": 3, "fields": {"movieName": "Spider-Man: Into the Spider-Verse", "description": "This time there's 6 of them. Hell yeah.", "length": "02:00:00", "price": "5.99", "trailerLink": "https://www.youtube.com/watch?v=g4Hbz2jLxvQ", "image": "img/MilesPoster.jpg", "noRents": 0, "releaseDate": "2018-12-14", "addedDate": "2019-01-21T21:27:17.552Z", "overallRating": "0.00", "ageRating": "12", "actors": [], "genres": [1, 2, 4, 5], "directors": [], "writers": []}}, {"model": "movies.movie", "pk": 4, "fields": {"movieName": "Mamma Mia: Here We Go Again", "description": "If you consider yourself above singing along with this you suck.\r\nI don't make the rules.", "length": "01:45:00", "price": "3.99", "trailerLink": "https://www.youtube.com/watch?v=dQw4w9WgXcQ", "image": "img/mamma_mia.jpg", "noRents": 0, "releaseDate": "2018-07-20", "addedDate": "2019-01-21T21:30:01.273Z", "overallRating": "0.00", "ageRating": "12", "actors": [], "genres": [6, 7, 8], "directors": [], "writers": []}}, {"model": "movies.movie", "pk": 5, "fields": {"movieName": "Am\u00e9lie", "description": "I cook an egg with a spoon Am\u00e9lie?!", "length": "01:45:00", "price": "2.99", "trailerLink": "https://www.youtube.com/watch?v=HUECWi5pX7o", "image": "img/amelie.jpg", "noRents": 0, "releaseDate": "2001-10-05", "addedDate": "2019-01-21T21:32:12.265Z", "overallRating": "0.00", "ageRating": "18", "actors": [], "genres": [7, 8], "directors": [], "writers": []}}, {"model": "movies.movie", "pk": 6, "fields": {"movieName": "Black Panther", "description": "T'Challa, heir to the hidden but advanced kingdom of Wakanda, must step forward to\r\nlead his people into a new future and must confront a challenger from his country's\r\npast.", "length": null, "price": "1.00", "trailerLink": "https://www.youtube.com/watch?v=dxWvtMOGAhw", "image": "img/BlackPanther_vpF6x25.jpg", "noRents": null, "releaseDate": null, "addedDate": "2019-03-09T16:06:49.531Z", "overallRating": null, "ageRating": null, "actors": [4, 5, 6], "genres": [1, 2, 5], "directors": [1], "writers": [1, 2]}}, {"model": "movies.movie", "pk": 7, "fields": {"movieName": "Mad Max: Fury Road", "description": "In a post-apocalyptic wasteland, a woman rebels against a tyrannical ruler in search\r\nfor her homeland with the aid of a group of female prisoners, a psychotic worshiper,\r\nand a drifter named Max.", "length": null, "price": "1.00", "trailerLink": "https://www.youtube.com/watch?v=hEJnMQG9ev8", "image": "img/MadMaxFuryRoad_pm10NYC.jpg", "noRents": null, "releaseDate": null, "addedDate": "2019-03-09T16:09:12.672Z", "overallRating": null, "ageRating": null, "actors": [7, 8, 9], "genres": [2], "directors": [2], "writers": [3, 4]}}, {"model": "movies.movie", "pk": 8, "fields": {"movieName": "Wonder Woman", "description": "When a pilot crashes and tells of conflict in the outside world, Diana, an Amazonian\r\nwarrior in training, leaves home to fight a war, discovering her full powers and true\r\ndestiny.", "length": null, "price": "1.00", "trailerLink": "https://www.youtube.com/watch?v=VSB4wGIdDwo", "image": "img/WonderWoman_KGpENRj.jpg", "noRents": null, "releaseDate": null, "addedDate": "2019-03-09T16:11:55.586Z", "overallRating": null, "ageRating": null, "actors": [10, 11], "genres": [1, 2, 5, 8], "directors": [3], "writers": [6, 7]}}, {"model": "movies.movie", "pk": 9, "fields": {"movieName": "Metropolis", "description": "In a futuristic city sharply divided between the working class and the city planners, the\r\nson of the city's mastermind falls in love with a working class prophet who predicts thecoming of a savior to mediate their differences.", "length": null, "price": "0.50", "trailerLink": "https://www.youtube.com/watch?v=on2H8Qt5fgA", "image": "img/Metropolis_1gi3Gox.jpg", "noRents": null, "releaseDate": null, "addedDate": "2019-03-09T16:14:48.810Z", "overallRating": null, "ageRating": null, "actors": [12, 13, 14], "genres": [5], "directors": [4], "writers": [8]}}, {"model": "movies.movie", "pk": 10, "fields": {"movieName": "Star Wars: The Last Jedi", "description": "Rey develops her newly discovered abilities with the guidance of Luke Skywalker, who is\r\nunsettled by the strength of her powers. Meanwhile, the Resistance prepares for battle with\r\nthe First Order.", "length": null, "price": "2.00", "trailerLink": "https://www.youtube.com/watch?v=Q0CbN8sfihY", "image": "img/StarWarsLastJedi_itQTNqx.jpg", "noRents": null, "releaseDate": "2017-12-15", "addedDate": "2019-03-09T16:20:09.603Z", "overallRating": null, "ageRating": null, "actors": [15, 16, 17, 18, 19, 20], "genres": [2, 5], "directors": [5], "writers": [9, 10]}}, {"model": "movies.movie", "pk": 11, "fields": {"movieName": "Logan", "description": "In a future where mutants are nearly extinct, an elderly and weary Logan leads a quiet life.\r\nBut when Laura, a mutant child pursued by scientists, comes to him for help, he must get her\r\nto safety.", "length": null, "price": "1.00", "trailerLink": "https://www.youtube.com/watch?v=Div0iP65aZo", "image": "img/Logan_xHWcCIG.jpg", "noRents": null, "releaseDate": null, "addedDate": "2019-03-09T16:22:53.071Z", "overallRating": null, "ageRating": null, "actors": [21, 22, 23], "genres": [1, 2, 5], "directors": [6], "writers": [11, 12]}}, {"model": "movies.movie", "pk": 12, "fields": {"movieName": "Star Wars: The Force Awakens", "description": "Three decades after the Empire's defeat, a new threat arises in the militant First Order.\r\nStormtrooper defector Finn and the scavenger Rey are caught up in the Resistance's search\r\nfor the missing Luke Skywalker.", "length": null, "price": "1.00", "trailerLink": "https://www.youtube.com/watch?v=sGbxmsDFVnE", "image": "img/StarWarsTheForceAwakens_NixSLnN.jpg", "noRents": null, "releaseDate": null, "addedDate": "2019-03-09T16:25:36.375Z", "overallRating": null, "ageRating": null, "actors": [15, 16, 17, 18, 19, 20], "genres": [2, 5], "directors": [7], "writers": [10, 13, 14]}}, {"model": "movies.movie", "pk": 13, "fields": {"movieName": "Up", "description": "Seventy-eight year old Carl Fredricksen travels to Paradise Falls in his home equipped with\r\nballoons, inadvertently taking a young stowaway.", "length": "00:00:01", "price": null, "trailerLink": "https://www.youtube.com/watch?v=pkqzFUhGPJg", "image": "img/Up_FdSsq84.jpg", "noRents": null, "releaseDate": null, "addedDate": "2019-03-09T16:29:45.765Z", "overallRating": null, "ageRating": null, "actors": [24, 25], "genres": [4, 7], "directors": [8], "writers": [15]}}, {"model": "movies.movie", "pk": 14, "fields": {"movieName": "Aliens", "description": "Ellen Ripley is rescued by a deep salvage team after being in hypersleep for 57 years.\r\nThe moon that the Nostromo visited has been colonized, but contact is lost. This time,\r\ncolonial marines have impressive firepower, but will that be enough?", "length": null, "price": "1.00", "trailerLink": "https://www.youtube.com/watch?v=XKSQmYUaIyE", "image": "img/Aliens_3u9K8JH.jpg", "noRents": null, "releaseDate": null, "addedDate": "2019-03-09T16:31:51.241Z", "overallRating": null, "ageRating": null, "actors": [26], "genres": [2, 5, 9], "directors": [9], "writers": [16]}}, {"model": "movies.movie", "pk": 15, "fields": {"movieName": "Incredibles 2", "description": "The Incredibles hero family takes on a new mission, which involves a change in family roles:\r\nBob Parr (Mr Incredible) must manage the house while his wife Helen (Elastigirl) goes out to\r\nsave the world.", "length": null, "price": null, "trailerLink": "https://www.youtube.com/watch?v=i5qOzqD9Rms", "image": "img/Incredibles2_XzMEuZO.jpg", "noRents": null, "releaseDate": null, "addedDate": "2019-03-09T16:34:32.395Z", "overallRating": null, "ageRating": null, "actors": [27, 28, 29, 30], "genres": [1, 2, 4, 5], "directors": [10], "writers": [17]}}, {"model": "movies.movie", "pk": 16, "fields": {"movieName": "The Lego Movie", "description": "Everything is awesome.", "length": null, "price": "2.00", "trailerLink": "https://www.youtube.com/watch?v=fZ_JOBCLF-I", "image": "img/LegoMovie_5zdTiUv.jpg", "noRents": null, "releaseDate": null, "addedDate": "2019-03-09T16:37:52.031Z", "overallRating": null, "ageRating": null, "actors": [31, 32, 33], "genres": [2, 4, 7, 8], "directors": [11, 12], "writers": [18, 19]}}, {"model": "movies.movie", "pk": 17, "fields": {"movieName": "La La Land", "description": "While navigating their careers in Los Angeles, a pianist and an actress fall in love while\r\nattempting to reconcile their aspirations for the future.", "length": null, "price": "0.50", "trailerLink": "https://www.youtube.com/watch?v=0pdqf4P9MB8", "image": "img/LaLaLand_MNEWsom.jpg", "noRents": null, "releaseDate": null, "addedDate": "2019-03-09T16:41:21.390Z", "overallRating": null, "ageRating": null, "actors": [34, 35], "genres": [6, 7, 8], "directors": [13], "writers": [20]}}, {"model": "movies.movie", "pk": 18, "fields": {"movieName": "Toy Story", "description": "A cowboy doll is profoundly threatened and jealous when a new spaceman figure supplants\r\nhim as top toy in a boy's room.", "length": null, "price": "2.00", "trailerLink": "https://www.youtube.com/watch?v=KYz2wyBy3kc", "image": "img/ToyStory_uJPxRK4.jpg", "noRents": null, "releaseDate": null, "addedDate": "2019-03-09T16:43:56.308Z", "overallRating": null, "ageRating": null, "actors": [36, 37], "genres": [4, 7], "directors": [14], "writers": [15, 21]}}, {"model": "movies.movie", "pk": 19, "fields": {"movieName": "A Quiet Place", "description": "In a post-apocalyptic world, a family is forced to live in silence while hiding from monsters\r\nwith ultra-sensitive hearing.", "length": null, "price": "1.00", "trailerLink": "https://www.youtube.com/watch?v=p9wE8dyzEJE", "image": "img/QuietPlace_ZqRk2zJ.jpg", "noRents": null, "releaseDate": null, "addedDate": "2019-03-09T16:47:58.703Z", "overallRating": null, "ageRating": null, "actors": [38, 39], "genres": [2, 9], "directors": [15], "writers": [22]}}, {"model": "movies.movie", "pk": 20, "fields": {"movieName": "Arrival", "description": "A linguist is recruited by the military to communicate with alien lifeforms after twelve\r\nmysterious spacecrafts land around the world.", "length": null, "price": "1.00", "trailerLink": "https://www.youtube.com/watch?v=tFMo3UJ4B4g", "image": "img/Arrival_hFZ7aji.jpg", "noRents": null, "releaseDate": null, "addedDate": "2019-03-09T16:51:19.930Z", "overallRating": null, "ageRating": null, "actors": [40, 41], "genres": [5, 8, 10], "directors": [16], "writers": [23, 24]}}, {"model": "movies.actor", "pk": 1, "fields": {"actorFirstName": "Robert", "actorLastName": "Downey Jr."}}, {"model": "movies.actor", "pk": 2, "fields": {"actorFirstName": "Chris", "actorLastName": "Evans"}}, {"model": "movies.actor", "pk": 3, "fields": {"actorFirstName": "Elizabeth", "actorLastName": "Olsen"}}, {"model": "movies.actor", "pk": 4, "fields": {"actorFirstName": "Chadwick", "actorLastName": "Boseman"}}, {"model": "movies.actor", "pk": 5, "fields": {"actorFirstName": "Michael B.", "actorLastName": "Jordan"}}, {"model": "movies.actor", "pk": 6, "fields": {"actorFirstName": "Lupita", "actorLastName": "Nyong'o"}}, {"model": "movies.actor", "pk": 7, "fields": {"actorFirstName": "Tom", "actorLastName": "Hardy"}}, {"model": "movies.actor", "pk": 8, "fields": {"actorFirstName": "Charlize", "actorLastName": "Theron"}}, {"model": "movies.actor", "pk": 9, "fields": {"actorFirstName": "Nicholas", "actorLastName": "Hoult"}}, {"model": "movies.actor", "pk": 10, "fields": {"actorFirstName": "Gal", "actorLastName": "Gadot"}}, {"model": "movies.actor", "pk": 11, "fields": {"actorFirstName": "Chris", "actorLastName": "Pine"}}, {"model": "movies.actor", "pk": 12, "fields": {"actorFirstName": "Brigitte", "actorLastName": "Helm"}}, {"model": "movies.actor", "pk": 13, "fields": {"actorFirstName": "Alfred", "actorLastName": "Abel"}}, {"model": "movies.actor", "pk": 14, "fields": {"actorFirstName": "Gustav", "actorLastName": "Fr\u00f6hlich"}}, {"model": "movies.actor", "pk": 15, "fields": {"actorFirstName": "Daisy", "actorLastName": "Ridley"}}, {"model": "movies.actor", "pk": 16, "fields": {"actorFirstName": "Mark", "actorLastName": "Hamill"}}, {"model": "movies.actor", "pk": 17, "fields": {"actorFirstName": "Carrie", "actorLastName": "Fisher"}}, {"model": "movies.actor", "pk": 18, "fields": {"actorFirstName": "Adam", "actorLastName": "Driver"}}, {"model": "movies.actor", "pk": 19, "fields": {"actorFirstName": "Oscar", "actorLastName": "Isaac"}}, {"model": "movies.actor", "pk": 20, "fields": {"actorFirstName": "John", "actorLastName": "Boyega"}}, {"model": "movies.actor", "pk": 21, "fields": {"actorFirstName": "Hugh", "actorLastName": "Jackman"}}, {"model": "movies.actor", "pk": 22, "fields": {"actorFirstName": "Patrick", "actorLastName": "Stewart"}}, {"model": "movies.actor", "pk": 23, "fields": {"actorFirstName": "Dafne", "actorLastName": "Keen"}}, {"model": "movies.actor", "pk": 24, "fields": {"actorFirstName": "Edward", "actorLastName": "Asner"}}, {"model": "movies.actor", "pk": 25, "fields": {"actorFirstName": "Jordan", "actorLastName": "Nagai"}}, {"model": "movies.actor", "pk": 26, "fields": {"actorFirstName": "Sigourney", "actorLastName": "Weaver"}}, {"model": "movies.actor", "pk": 27, "fields": {"actorFirstName": "Craig T.", "actorLastName": "Nelson"}}, {"model": "movies.actor", "pk": 28, "fields": {"actorFirstName": "Holly", "actorLastName": "Hunter"}}, {"model": "movies.actor", "pk": 29, "fields": {"actorFirstName": "Sarah", "actorLastName": "Vowell"}}, {"model": "movies.actor", "pk": 30, "fields": {"actorFirstName": "Huck", "actorLastName": "Milner"}}, {"model": "movies.actor", "pk": 31, "fields": {"actorFirstName": "Chris", "actorLastName": "Pratt"}}, {"model": "movies.actor", "pk": 32, "fields": {"actorFirstName": "Will", "actorLastName": "Ferrell"}}, {"model": "movies.actor", "pk": 33, "fields": {"actorFirstName": "Elizabeth", "actorLastName": "Banks"}}, {"model": "movies.actor", "pk": 34, "fields": {"actorFirstName": "Ryan", "actorLastName": "Gosling"}}, {"model": "movies.actor", "pk": 35, "fields": {"actorFirstName": "Emma", "actorLastName": "Stone"}}, {"model": "movies.actor", "pk": 36, "fields": {"actorFirstName": "Tom", "actorLastName": "Hanks"}}, {"model": "movies.actor", "pk": 37, "fields": {"actorFirstName": "Tim", "actorLastName": "Allen"}}, {"model": "movies.actor", "pk": 38, "fields": {"actorFirstName": "Emily", "actorLastName": "Blunt"}}, {"model": "movies.actor", "pk": 39, "fields": {"actorFirstName": "John", "actorLastName": "Krasinski"}}, {"model": "movies.actor", "pk": 40, "fields": {"actorFirstName": "Amy", "actorLastName": "Adams"}}, {"model": "movies.actor", "pk": 41, "fields": {"actorFirstName": "Jeremy", "actorLastName": "Renner"}}, {"model": "movies.genre", "pk": 1, "fields": {"genreName": "Superhero"}}, {"model": "movies.genre", "pk": 2, "fields": {"genreName": "Action"}}, {"model": "movies.genre", "pk": 3, "fields": {"genreName": "Spy Thriller"}}, {"model": "movies.genre", "pk": 4, "fields": {"genreName": "Animated"}}, {"model": "movies.genre", "pk": 5, "fields": {"genreName": "Science-Fiction"}}, {"model": "movies.genre", "pk": 6, "fields": {"genreName": "Musical"}}, {"model": "movies.genre", "pk": 7, "fields": {"genreName": "Comedy"}}, {"model": "movies.genre", "pk": 8, "fields": {"genreName": "Romance"}}, {"model": "movies.genre", "pk": 9, "fields": {"genreName": "Horror"}}, {"model": "movies.genre", "pk": 10, "fields": {"genreName": "Mystery"}}, {"model": "movies.director", "pk": 1, "fields": {"directorFirstName": "Ryan", "directorLastName": "Coogler"}}, {"model": "movies.director", "pk": 2, "fields": {"directorFirstName": "George", "directorLastName": "Miller"}}, {"model": "movies.director", "pk": 3, "fields": {"directorFirstName": "Patty", "directorLastName": "Jenkins"}}, {"model": "movies.director", "pk": 4, "fields": {"directorFirstName": "Fritz", "directorLastName": "Lang"}}, {"model": "movies.director", "pk": 5, "fields": {"directorFirstName": "Rian", "directorLastName": "Johnson"}}, {"model": "movies.director", "pk": 6, "fields": {"directorFirstName": "James", "directorLastName": "Mangold"}}, {"model": "movies.director", "pk": 7, "fields": {"directorFirstName": "J. J.", "directorLastName": "Abrams"}}, {"model": "movies.director", "pk": 8, "fields": {"directorFirstName": "Pete", "directorLastName": "Docter"}}, {"model": "movies.director", "pk": 9, "fields": {"directorFirstName": "James", "directorLastName": "Cameron"}}, {"model": "movies.director", "pk": 10, "fields": {"directorFirstName": "Brad", "directorLastName": "Bird"}}, {"model": "movies.director", "pk": 11, "fields": {"directorFirstName": "Phil", "directorLastName": "Lord"}}, {"model": "movies.director", "pk": 12, "fields": {"directorFirstName": "Christopher", "directorLastName": "Miller"}}, {"model": "movies.director", "pk": 13, "fields": {"directorFirstName": "Damien", "directorLastName": "Chazelle"}}, {"model": "movies.director", "pk": 14, "fields": {"directorFirstName": "John", "directorLastName": "Lasseter"}}, {"model": "movies.director", "pk": 15, "fields": {"directorFirstName": "John", "directorLastName": "Krasinski"}}, {"model": "movies.director", "pk": 16, "fields": {"directorFirstName": "Denis", "directorLastName": "Villeneuve"}}, {"model": "movies.writer", "pk": 1, "fields": {"writerFirstName": "Ryan", "writerLastName": "Coogler"}}, {"model": "movies.writer", "pk": 2, "fields": {"writerFirstName": "Joe Robert", "writerLastName": "Cole"}}, {"model": "movies.writer", "pk": 3, "fields": {"writerFirstName": "George", "writerLastName": "Miller"}}, {"model": "movies.writer", "pk": 4, "fields": {"writerFirstName": "Brendan", "writerLastName": "McCarthy"}}, {"model": "movies.writer", "pk": 5, "fields": {"writerFirstName": "Patty", "writerLastName": "Jenkins"}}, {"model": "movies.writer", "pk": 6, "fields": {"writerFirstName": "Zack", "writerLastName": "Snyder"}}, {"model": "movies.writer", "pk": 7, "fields": {"writerFirstName": "Allan", "writerLastName": "Heinberg"}}, {"model": "movies.writer", "pk": 8, "fields": {"writerFirstName": "Thea", "writerLastName": "Von Harbou"}}, {"model": "movies.writer", "pk": 9, "fields": {"writerFirstName": "Rian", "writerLastName": "Johnson"}}, {"model": "movies.writer", "pk": 10, "fields": {"writerFirstName": "George", "writerLastName": "Lucas"}}, {"model": "movies.writer", "pk": 11, "fields": {"writerFirstName": "James", "writerLastName": "Mangold"}}, {"model": "movies.writer", "pk": 12, "fields": {"writerFirstName": "Scott", "writerLastName": "Frank"}}, {"model": "movies.writer", "pk": 13, "fields": {"writerFirstName": "J. J.", "writerLastName": "Abrams"}}, {"model": "movies.writer", "pk": 14, "fields": {"writerFirstName": "Lawrence", "writerLastName": "Kasdan"}}, {"model": "movies.writer", "pk": 15, "fields": {"writerFirstName": "Pete", "writerLastName": "Docter"}}, {"model": "movies.writer", "pk": 16, "fields": {"writerFirstName": "James", "writerLastName": "Cameron"}}, {"model": "movies.writer", "pk": 17, "fields": {"writerFirstName": "Brad", "writerLastName": "Bird"}}, {"model": "movies.writer", "pk": 18, "fields": {"writerFirstName": "Phil", "writerLastName": "Lord"}}, {"model": "movies.writer", "pk": 19, "fields": {"writerFirstName": "Christopher", "writerLastName": "Miller"}}, {"model": "movies.writer", "pk": 20, "fields": {"writerFirstName": "Damien", "writerLastName": "Chazelle"}}, {"model": "movies.writer", "pk": 21, "fields": {"writerFirstName": "John", "writerLastName": "Lasseter"}}, {"model": "movies.writer", "pk": 22, "fields": {"writerFirstName": "Bryan", "writerLastName": "Woods"}}, {"model": "movies.writer", "pk": 23, "fields": {"writerFirstName": "Eric", "writerLastName": "Heisserer"}}, {"model": "movies.writer", "pk": 24, "fields": {"writerFirstName": "Ted", "writerLastName": "Chiang"}}]
